{"tasks":[{"description":"<!--StartFragment--><h1 id=\"neutralino-quick-start\"><a href=\"https://neutralino.js.org/docs/#/gettingstarted/quickstart?id=neutralino-quick-start\" data-id=\"neutralino-quick-start\" target=\"_blank\">Neutralino Quick Start</a></h1><p>Now you have an idea why NeutralinoJs is important, this section will give you a simple introduction to Neutralino app development. It'll be easy if you have prior knowledge on HTML, CSS and JS.</p><h2 id=\"download-the-portable-sdk\"><a href=\"https://neutralino.js.org/docs/#/gettingstarted/quickstart?id=download-the-portable-sdk\" data-id=\"download-the-portable-sdk\" target=\"_blank\">Download the Portable SDK</a></h2><p><a href=\"https://github.com/neutralinojs/neutralinojs/releases\" target=\"_blank\" rel=\"noopener\">Download portable SDK</a>. Extract the zip file and find the app template and Neutralino launchers.</p><p>or, if you have Nodejs installed already, simply use&nbsp;<a href=\"https://neutralino.js.org/docs/#/tools/cli\" target=\"_blank\">neu-cli</a></p><h2 id=\"neutralino-app-file-structure\"><a href=\"https://neutralino.js.org/docs/#/gettingstarted/quickstart?id=neutralino-app-file-structure\" data-id=\"neutralino-app-file-structure\" target=\"_blank\">Neutralino App file structure</a></h2><pre v-pre=\"\" data-lang=\"\"><code>├── app\n|  ├── assets\n|  |  ├── app.css\n|  |  ├── app.js\n|  |  └── neutralino.js\n|  ├── index.html\n|  └── settings.json\n└── neutralino-win.exe\n└── neutralino-linux\n└── neutralino-mac\n└── storage</code></pre><ul><li><code>app/assets</code>&nbsp;- Directory for Neutralino js library and your custom .js and .css files. By default, there is&nbsp;<code>app.css</code>&nbsp;and&nbsp;<code>app.js</code></li><li><code>index.html</code>&nbsp;- Build your application interfaces, here.</li><li><code>settings.json</code>&nbsp;- Store your app settings. Required parameters are&nbsp;<code>appport</code>&nbsp;and&nbsp;<code>appname</code></li><li><code>neutralino-linux</code>&nbsp;- Linux launcher.</li><li><code>neutralino-win.exe</code>&nbsp;- Windows launcher.</li><li><code>neutralino-mac</code>&nbsp;- macOS launcher.</li><li><code>storage</code>&nbsp;- Contains JSON storage data</li></ul><!--EndFragment-->","title":"Neutralino Quick Start"},{"description":"<p>sdfsf sdfs\nsdfsf \nsdfsfs\n\nsfsfsfsdff</p><p>fsdfsffsd</p><p>fsd</p><p>f</p><p>sdfsfsf</p>","title":"sdsdsfswer erwerwrwr"},{"description":"<!--StartFragment--><p>Dashboards are a unique and powerful way to present data-based intelligence using data visualization techniques that display relevant, actionable data as well as track stats and key performance indicators (KPIs). Dashboards should present this data in a quick, easy-to-scan format with the most relevant information understandable at a glance.</p><p>The term was born from the traditional automobile dashboard, and they have evolved to serve the same function in the digital world.&nbsp;<a href=\"https://www.amazon.com/Information-Dashboard-Design-Effective-Communication/dp/0596100167/ref=sr_1_6?ie=UTF8&amp;qid=1509804101&amp;sr=8-6&amp;keywords=stephen+few&amp;dpID=416kKqecxfL&amp;preST=_SX218_BO1,204,203,200_QL40_&amp;dpSrc=srch\" rel=\"noopener noreferrer\" target=\"_blank\">In his book</a>, Stephen Few put it best:</p><!--EndFragment-->","title":"Design"},{"dateCreated":1601724076233,"description":"<!--StartFragment--><div><h2>Alerts</h2></div><p></p><p>Provide contextual feedback messages for typical user actions with the handful of available and flexible alert messages.</p><p><!--StartFragment--><!--EndFragment--></p><pre><code data-lang=\"html\"><span>&lt;div</span> <span>class=</span><span>\"alert alert-primary\"</span> <span>role=</span><span>\"alert\"</span><span>&gt;</span>\n  A simple primary alert—check it out!\n<span>&lt;/div&gt;</span>\n<span>&lt;div</span> <span>class=</span><span>\"alert alert-secondary\"</span> <span>role=</span><span>\"alert\"</span><span>&gt;</span>\n  A simple secondary alert—check it out!\n<span>&lt;/div&gt;</span>\n<span>&lt;div</span> <span>class=</span><span>\"alert alert-success\"</span> <span>role=</span><span>\"alert\"</span><span>&gt;</span>\n  A simple success alert—check it out!\n<span>&lt;/div&gt;</span>\n<span>&lt;div</span> <span>class=</span><span>\"alert alert-danger\"</span> <span>role=</span><span>\"alert\"</span><span>&gt;</span>\n  A simple danger alert—check it out!\n<span>&lt;/div&gt;</span>\n<span>&lt;div</span> <span>class=</span><span>\"alert alert-warning\"</span> <span>role=</span><span>\"alert\"</span><span>&gt;</span>\n  A simple warning alert—check it out!\n<span>&lt;/div&gt;</span>\n<span>&lt;div</span> <span>class=</span><span>\"alert alert-info\"</span> <span>role=</span><span>\"alert\"</span><span>&gt;</span>\n  A simple info alert—check it out!\n<span>&lt;/div&gt;</span>\n<span>&lt;div</span> <span>class=</span><span>\"alert alert-light\"</span> <span>role=</span><span>\"alert\"</span><span>&gt;</span>\n  A simple light alert—check it out!\n<span>&lt;/div&gt;</span>\n<span>&lt;div</span> <span>class=</span><span>\"alert alert-dark\"</span> <span>role=</span><span>\"alert\"</span><span>&gt;</span>\n  A simple dark alert—check it out!\n<span>&lt;/div&gt;</span></code></pre><!--EndFragment-->","title":"Bootsrap Alert"}]}