{"tasks":[{"description":"sdfsf","title":"sdfsf"},{"description":"Neutralino Quick Start:\n\nNow you have an idea why NeutralinoJs is important, this section will give you a simple introduction to Neutralino app development. It'll be easy if you have prior knowledge on HTML, CSS and JS.","title":"Neutralino Quick Start"},{"description":"dfgdgdg","title":"sgddg"},{"description":"sdsadadad","title":"dasdad"},{"description":"etetett","title":"etetete"},{"description":"fsfsfsfsf","title":"sdfff"},{"description":"sdfsf sdfs\nsdfsf \nsdfsfs\n\nsfsfsf","title":"sdsdsfswer erwerwrwr"},{"description":"Design notes","title":"Design"}]}